Clase,Precisión,Recall,F1-Score
No Crosswalk,1.0,0.6558139534883721,0.7921348314606742
Crosswalk,0.3392857142857143,1.0,0.5066666666666667
