Clase,Precisión,Recall,F1-Score
No Crosswalk,1.0,0.9441860465116279,0.9712918660287081
Crosswalk,0.76,1.0,0.8636363636363636
